Workbook
Name Slicer_cuisine_type: #N/A
Name Slicer_day_of_the_week: #N/A
Name Slicer_rating: #N/A

Sheet Dashboard
A1: 🍔 FOOD DELIVERY ANALYTICS DASHBOARD
A4: TOTAL ORDERS | C4: TOTAL ORDER VALUE | E4: AVG ORDER COST | G4: AVG RATING | I4: AVG DELIVERY TIME
A5: ='Pivot Tables'!J2 -> 200 | C5: ='Pivot Tables'!K2 -> 3575.66 | E5: ='Pivot Tables'!L2 -> 17.8783 | G5: ='Pivot Tables'!M2 -> 4.3474576 | I5: ='Pivot Tables'!N2 -> 24.19

Sheet Raw_Data
A1: order_id | B1: customer_id | C1: restaurant_name | D1: cuisine_type | E1: cost_of_the_order | F1: day_of_the_week | G1: rating | H1: food_preparation_time | I1: delivery_time
A2: 1477147 | B2: 337525 | C2: Hangawi | D2: Korean | E2: 30.75 | F2: Weekend | G2: Not given | H2: 25 | I2: 20
A3: 1477685 | B3: 358141 | C3: Blue Ribbon Sushi Izakaya | D3: Japanese | E3: 12.08 | F3: Weekend | G3: Not given | H3: 25 | I3: 23
A4: 1477070 | B4: 66393 | C4: Cafe Habana | D4: Mexican | E4: 12.23 | F4: Weekday | G4: 5 | H4: 23 | I4: 28
A5: 1477334 | B5: 106968 | C5: Blue Ribbon Fried Chicken | D5: American | E5: 29.2 | F5: Weekend | G5: 3 | H5: 25 | I5: 15
A6: 1478249 | B6: 76942 | C6: Dirty Bird to Go | D6: American | E6: 11.59 | F6: Weekday | G6: 4 | H6: 25 | I6: 24
A7: 1477224 | B7: 147468 | C7: Tamarind TriBeCa | D7: Indian | E7: 25.22 | F7: Weekday | G7: 3 | H7: 20 | I7: 24
A8: 1477894 | B8: 157711 | C8: The Meatball Shop | D8: Italian | E8: 6.07 | F8: Weekend | G8: Not given | H8: 28 | I8: 21
A9: 1477859 | B9: 89574 | C9: Barbounia | D9: Mediterranean | E9: 5.97 | F9: Weekday | G9: 3 | H9: 33 | I9: 30
A10: 1477174 | B10: 121706 | C10: Anjappar Chettinad | D10: Indian | E10: 16.44 | F10: Weekday | G10: 5 | H10: 21 | I10: 26
A11: 1477311 | B11: 39705 | C11: Bukhara Grill | D11: Indian | E11: 7.18 | F11: Weekday | G11: 5 | H11: 29 | I11: 26
A12: 1477895 | B12: 143926 | C12: Big Wong Restaurant ÂŒ_Â¤Â¾Ã‘Â¼ | D12: Chinese | E12: 5.92 | F12: Weekday | G12: Not given | H12: 34 | I12: 28
A13: 1478437 | B13: 221206 | C13: Empanada Mama (closed) | D13: Mexican | E13: 8.1 | F13: Weekend | G13: 5 | H13: 23 | I13: 22
A14: 1476966 | B14: 129969 | C14: Blue Ribbon Fried Chicken | D14: American | E14: 24.3 | F14: Weekend | G14: 5 | H14: 23 | I14: 17
A15: 1477449 | B15: 104548 | C15: Pylos | D15: Mediterranean | E15: 11.3 | F15: Weekend | G15: 3 | H15: 24 | I15: 23
A16: 1478198 | B16: 62667 | C16: Lucky's Famous Burgers | D16: American | E16: 12.13 | F16: Weekday | G16: Not given | H16: 23 | I16: 30
A17: 1477414 | B17: 66222 | C17: Shake Shack | D17: American | E17: 16.2 | F17: Weekend | G17: 5 | H17: 33 | I17: 25
A18: 1477486 | B18: 104555 | C18: Sushi of Gari | D18: Japanese | E18: 16.98 | F18: Weekend | G18: Not given | H18: 30 | I18: 16
A19: 1477373 | B19: 139885 | C19: Blue Ribbon Sushi Izakaya | D19: Japanese | E19: 33.03 | F19: Weekend | G19: Not given | H19: 21 | I19: 22
A20: 1477138 | B20: 47280 | C20: RedFarm Hudson | D20: Chinese | E20: 14.12 | F20: Weekend | G20: 4 | H20: 25 | I20: 24
A21: 1477354 | B21: 67487 | C21: Blue Ribbon Sushi | D21: Japanese | E21: 16.2 | F21: Weekend | G21: 4 | H21: 35 | I21: 26
A22: 1478296 | B22: 250494 | C22: Five Guys Burgers and Fries | D22: American | E22: 24.2 | F22: Weekend | G22: 4 | H22: 21 | I22: 24
A23: 1478226 | B23: 137565 | C23: Shake Shack | D23: American | E23: 15.91 | F23: Weekend | G23: Not given | H23: 25 | I23: 20
A24: 1478287 | B24: 150599 | C24: Shake Shack | D24: American | E24: 29.1 | F24: Weekday | G24: 5 | H24: 21 | I24: 30
A25: 1478014 | B25: 54630 | C25: Tortaria | D25: Mexican | E25: 8.92 | F25: Weekend | G25: Not given | H25: 33 | I25: 16
A26: 1476714 | B26: 363783 | C26: Cafe Mogador | D26: Middle Eastern | E26: 15.86 | F26: Weekday | G26: Not given | H26: 32 | I26: 29
A27: 1476693 | B27: 41877 | C27: Cafe Mogador | D27: Middle Eastern | E27: 29.1 | F27: Weekday | G27: 5 | H27: 20 | I27: 29
A28: 1476995 | B28: 371590 | C28: The Meatball Shop | D28: Italian | E28: 21.88 | F28: Weekday | G28: 5 | H28: 24 | I28: 27
A29: 1476844 | B29: 175290 | C29: Otto Enoteca Pizzeria | D29: Italian | E29: 14.02 | F29: Weekend | G29: Not given | H29: 24 | I29: 16
A30: 1477015 | B30: 76686 | C30: Vezzo Thin Crust Pizza | D30: Italian | E30: 9.17 | F30: Weekend | G30: Not given | H30: 21 | I30: 24
A31: 1476889 | B31: 149984 | C31: Sushi of Gari 46 | D31: Japanese | E31: 12.18 | F31: Weekday | G31: Not given | H31: 20 | I31: 29
A32: 1478289 | B32: 318874 | C32: The Kati Roll Company | D32: Indian | E32: 31.33 | F32: Weekend | G32: 5 | H32: 28 | I32: 25
A33: 1477699 | B33: 302790 | C33: Klong | D33: Thai | E33: 29.05 | F33: Weekend | G33: 5 | H33: 35 | I33: 24
A34: 1476855 | B34: 317794 | C34: 5 Napkin Burger | D34: American | E34: 8.39 | F34: Weekday | G34: Not given | H34: 35 | I34: 24
A35: 1477748 | B35: 105349 | C35: TAO | D35: Japanese | E35: 9.12 | F35: Weekend | G35: Not given | H35: 34 | I35: 18
A36: 1478244 | B36: 181782 | C36: Parm | D36: Italian | E36: 29.1 | F36: Weekend | G36: 5 | H36: 30 | I36: 26
A37: 1478310 | B37: 65224 | C37: Sushi Samba | D37: Japanese | E37: 15.47 | F37: Weekend | G37: Not given | H37: 32 | I37: 26
A38: 1478017 | B38: 148649 | C38: Blue Ribbon Sushi | D38: Japanese | E38: 16.01 | F38: Weekday | G38: 4 | H38: 23 | I38: 31
A39: 1476871 | B39: 118709 | C39: The Meatball Shop | D39: Italian | E39: 24.3 | F39: Weekday | G39: 4 | H39: 31 | I39: 29
A40: 1477999 | B40: 208020 | C40: Haru Gramercy Park | D40: Japanese | E40: 29.83 | F40: Weekday | G40: 5 | H40: 20 | I40: 32
A41: 1476891 | B41: 220693 | C41: Shake Shack | D41: American | E41: 19.89 | F41: Weekend | G41: Not given | H41: 27 | I41: 19
A42: 1477425 | B42: 378482 | C42: Chipotle Mexican Grill $1.99 Delivery | D42: Mexican | E42: 19.35 | F42: Weekend | G42: 4 | H42: 21 | I42: 18
A43: 1478143 | B43: 337525 | C43: TAO | D43: Japanese | E43: 33.22 | F43: Weekend | G43: Not given | H43: 23 | I43: 19
A44: 1477267 | B44: 133637 | C44: RedFarm Broadway | D44: Chinese | E44: 24.25 | F44: Weekend | G44: 5 | H44: 22 | I44: 15
A45: 1477728 | B45: 107909 | C45: Cafeteria | D45: American | E45: 16.44 | F45: Weekend | G45: Not given | H45: 33 | I45: 22
A46: 1476908 | B46: 365237 | C46: Five Guys Burgers and Fries | D46: American | E46: 22.75 | F46: Weekend | G46: 5 | H46: 30 | I46: 20
A47: 1476581 | B47: 322162 | C47: The Meatball Shop | D47: Italian | E47: 6.74 | F47: Weekend | G47: 5 | H47: 29 | I47: 23
A48: 1476930 | B48: 198802 | C48: DuMont Burger | D48: American | E48: 29.05 | F48: Weekend | G48: 5 | H48: 22 | I48: 30
A49: 1477621 | B49: 122864 | C49: Sarabeth's East | D49: American | E49: 13.78 | F49: Weekend | G49: 4 | H49: 34 | I49: 24
A50: 1478354 | B50: 52037 | C50: Blue Ribbon Fried Chicken | D50: American | E50: 19.89 | F50: Weekday | G50: Not given | H50: 27 | I50: 24
A51: 1477251 | B51: 81110 | C51: Hill Country Fried Chicken | D51: Southern | E51: 16.93 | F51: Weekend | G51: 5 | H51: 33 | I51: 21
A52: 1477656 | B52: 300003 | C52: Bistango | D52: Italian | E52: 21.88 | F52: Weekend | G52: Not given | H52: 21 | I52: 19
A53: 1477883 | B53: 91817 | C53: Blue Ribbon Fried Chicken | D53: American | E53: 29.39 | F53: Weekend | G53: Not given | H53: 27 | I53: 28
A54: 1477205 | B54: 112036 | C54: TAO | D54: Japanese | E54: 20.23 | F54: Weekend | G54: 5 | H54: 22 | I54: 20
A55: 1478107 | B55: 73895 | C55: RedFarm Broadway | D55: Chinese | E55: 29.1 | F55: Weekend | G55: Not given | H55: 22 | I55: 23
A56: 1477760 | B56: 130507 | C56: Jack's Wife Freda | D56: Mediterranean | E56: 22.75 | F56: Weekend | G56: 3 | H56: 35 | I56: 29
A57: 1476562 | B57: 129486 | C57: Mamoun's Falafel | D57: Mediterranean | E57: 14.12 | F57: Weekend | G57: 3 | H57: 31 | I57: 15
A58: 1477692 | B58: 313340 | C58: Sushi of Gari 46 | D58: Japanese | E58: 14.6 | F58: Weekday | G58: 3 | H58: 24 | I58: 24
A59: 1477889 | B59: 177250 | C59: RedFarm Hudson | D59: Chinese | E59: 12.23 | F59: Weekday | G59: 5 | H59: 25 | I59: 33
A60: 1477243 | B60: 176234 | C60: Prosperity Dumpling | D60: Chinese | E60: 14.02 | F60: Weekend | G60: 5 | H60: 20 | I60: 30
A61: 1477560 | B61: 371677 | C61: Blue Ribbon Fried Chicken | D61: American | E61: 6.79 | F61: Weekday | G61: Not given | H61: 33 | I61: 28
A62: 1476896 | B62: 388918 | C62: Blue Ribbon Fried Chicken | D62: American | E62: 24.25 | F62: Weekend | G62: Not given | H62: 28 | I62: 21
A63: 1478327 | B63: 68551 | C63: Blue Ribbon Sushi Bar & Grill | D63: Japanese | E63: 33.03 | F63: Weekend | G63: Not given | H63: 33 | I63: 20
A64: 1476820 | B64: 152786 | C64: Cafe Habana | D64: Mexican | E64: 31.38 | F64: Weekend | G64: 4 | H64: 23 | I64: 27
A65: 1478121 | B65: 62980 | C65: Westville Hudson | D65: American | E65: 8.34 | F65: Weekday | G65: Not given | H65: 22 | I65: 26
A66: 1478077 | B66: 82041 | C66: Shake Shack | D66: American | E66: 33.03 | F66: Weekday | G66: Not given | H66: 22 | I66: 32
A67: 1478359 | B67: 361616 | C67: Blue Ribbon Brooklyn | D67: American | E67: 24.2 | F67: Weekday | G67: 3 | H67: 22 | I67: 32
A68: 1476841 | B68: 398426 | C68: RedFarm Broadway | D68: Chinese | E68: 12.46 | F68: Weekend | G68: 4 | H68: 24 | I68: 20
A69: 1477125 | B69: 130820 | C69: Nobu Next Door | D69: Japanese | E69: 15.86 | F69: Weekend | G69: 5 | H69: 29 | I69: 23
A70: 1477915 | B70: 200074 | C70: Osteria Morini | D70: Italian | E70: 14.55 | F70: Weekend | G70: Not given | H70: 34 | I70: 22
A71: 1477475 | B71: 65009 | C71: Blue Ribbon Fried Chicken | D71: American | E71: 32.93 | F71: Weekend | G71: 5 | H71: 24 | I71: 23
A72: 1477932 | B72: 170221 | C72: Shake Shack | D72: American | E72: 16.98 | F72: Weekend | G72: Not given | H72: 22 | I72: 21
A73: 1476651 | B73: 58092 | C73: Shake Shack | D73: American | E73: 8 | F73: Weekend | G73: 5 | H73: 27 | I73: 23
A74: 1477730 | B74: 50616 | C74: Parm | D74: Italian | E74: 13.05 | F74: Weekend | G74: Not given | H74: 28 | I74: 27
A75: 1477518 | B75: 133202 | C75: Sushi Samba | D75: Japanese | E75: 29.05 | F75: Weekend | G75: 5 | H75: 31 | I75: 16
A76: 1477821 | B76: 277898 | C76: Haandi | D76: Indian | E76: 5.67 | F76: Weekday | G76: 4 | H76: 23 | I76: 31
A77: 1477104 | B77: 77341 | C77: The Meatball Shop | D77: Italian | E77: 16.93 | F77: Weekend | G77: Not given | H77: 30 | I77: 25
A78: 1477921 | B78: 97079 | C78: Benihana | D78: Japanese | E78: 29.29 | F78: Weekend | G78: 5 | H78: 20 | I78: 18
A79: 1477938 | B79: 150002 | C79: The Kati Roll Company | D79: Indian | E79: 16.15 | F79: Weekend | G79: 5 | H79: 20 | I79: 29
A80: 1476943 | B80: 87472 | C80: RedFarm Hudson | D80: Chinese | E80: 22.75 | F80: Weekend | G80: Not given | H80: 31 | I80: 30
A81: 1477581 | B81: 231061 | C81: Han Dynasty | D81: Chinese | E81: 13.34 | F81: Weekend | G81: 4 | H81: 34 | I81: 27
A82: 1477975 | B82: 56722 | C82: Shake Shack | D82: American | E82: 9.75 | F82: Weekend | G82: 5 | H82: 33 | I82: 25
A83: 1477601 | B83: 107909 | C83: Cafeteria | D83: American | E83: 6.69 | F83: Weekday | G83: 4 | H83: 21 | I83: 32
A84: 1477790 | B84: 133617 | C84: Shake Shack | D84: American | E84: 4.75 | F84: Weekday | G84: 4 | H84: 35 | I84: 28
A85: 1477385 | B85: 67538 | C85: Chipotle Mexican Grill $1.99 Delivery | D85: Mexican | E85: 12.56 | F85: Weekend | G85: 5 | H85: 22 | I85: 18
A86: 1478423 | B86: 129969 | C86: The Meatball Shop | D86: Italian | E86: 21.2 | F86: Weekend | G86: Not given | H86: 34 | I86: 16
A87: 1477051 | B87: 57174 | C87: Tortaria | D87: Mexican | E87: 19.31 | F87: Weekend | G87: Not given | H87: 27 | I87: 28
A88: 1476796 | B88: 78939 | C88: Nobu Next Door | D88: Japanese | E88: 16.3 | F88: Weekday | G88: 3 | H88: 20 | I88: 24
A89: 1478031 | B89: 309513 | C89: Otto Enoteca Pizzeria | D89: Italian | E89: 13.05 | F89: Weekday | G89: 5 | H89: 33 | I89: 27
A90: 1477740 | B90: 129798 | C90: TAO | D90: Japanese | E90: 25.27 | F90: Weekday | G90: 4 | H90: 24 | I90: 24
A91: 1478384 | B91: 184085 | C91: Hill Country Fried Chicken | D91: Southern | E91: 14.79 | F91: Weekend | G91: 5 | H91: 35 | I91: 15
A92: 1478183 | B92: 329710 | C92: Shake Shack | D92: American | E92: 5.72 | F92: Weekday | G92: 3 | H92: 31 | I92: 24
A93: 1477569 | B93: 65009 | C93: Chote Nawab | D93: Indian | E93: 16.15 | F93: Weekend | G93: 5 | H93: 24 | I93: 30
A94: 1478211 | B94: 154030 | C94: RedFarm Hudson | D94: Chinese | E94: 33.03 | F94: Weekend | G94: 4 | H94: 26 | I94: 22
A95: 1476635 | B95: 86731 | C95: Mission Cantina | D95: Mexican | E95: 16.2 | F95: Weekend | G95: 5 | H95: 31 | I95: 18
A96: 1477646 | B96: 306119 | C96: Xi'an Famous Foods | D96: Chinese | E96: 9.22 | F96: Weekday | G96: Not given | H96: 31 | I96: 32
A97: 1477027 | B97: 164016 | C97: Blue Ribbon Fried Chicken | D97: American | E97: 16.39 | F97: Weekend | G97: Not given | H97: 27 | I97: 22
A98: 1476921 | B98: 121476 | C98: Blue Ribbon Fried Chicken | D98: American | E98: 12.18 | F98: Weekday | G98: 3 | H98: 29 | I98: 27
A99: 1476689 | B99: 305522 | C99: Shake Shack | D99: American | E99: 24.2 | F99: Weekday | G99: 4 | H99: 29 | I99: 29
A100: 1477767 | B100: 68976 | C100: Sarabeth's East | D100: American | E100: 17.03 | F100: Weekend | G100: 3 | H100: 26 | I100: 30
...

Sheet Cleaned_Data
A1: order_id | B1: customer_id | C1: restaurant_name | D1: cuisine_type | E1: cost_of_the_order | F1: day_of_the_week | G1: rating | H1: food_preparation_time | I1: delivery_time
A2: 1477147 | B2: 337525 | C2: Hangawi | D2: Korean | E2: 30.75 | F2: Weekend | G2: N/A | H2: 25 | I2: 20
A3: 1477685 | B3: 358141 | C3: Blue Ribbon Sushi Izakaya | D3: Japanese | E3: 12.08 | F3: Weekend | G3: N/A | H3: 25 | I3: 23
A4: 1477070 | B4: 66393 | C4: Cafe Habana | D4: Mexican | E4: 12.23 | F4: Weekday | G4: 5 | H4: 23 | I4: 28
A5: 1477334 | B5: 106968 | C5: Blue Ribbon Fried Chicken | D5: American | E5: 29.2 | F5: Weekend | G5: 3 | H5: 25 | I5: 15
A6: 1478249 | B6: 76942 | C6: Dirty Bird to Go | D6: American | E6: 11.59 | F6: Weekday | G6: 4 | H6: 25 | I6: 24
A7: 1477224 | B7: 147468 | C7: Tamarind TriBeCa | D7: Indian | E7: 25.22 | F7: Weekday | G7: 3 | H7: 20 | I7: 24
A8: 1477894 | B8: 157711 | C8: The Meatball Shop | D8: Italian | E8: 6.07 | F8: Weekend | G8: N/A | H8: 28 | I8: 21
A9: 1477859 | B9: 89574 | C9: Barbounia | D9: Mediterranean | E9: 5.97 | F9: Weekday | G9: 3 | H9: 33 | I9: 30
A10: 1477174 | B10: 121706 | C10: Anjappar Chettinad | D10: Indian | E10: 16.44 | F10: Weekday | G10: 5 | H10: 21 | I10: 26
A11: 1477311 | B11: 39705 | C11: Bukhara Grill | D11: Indian | E11: 7.18 | F11: Weekday | G11: 5 | H11: 29 | I11: 26
A12: 1477895 | B12: 143926 | C12: Big Wong Restaurant ÂŒ_Â¤Â¾Ã‘Â¼ | D12: Chinese | E12: 5.92 | F12: Weekday | G12: N/A | H12: 34 | I12: 28
A13: 1478437 | B13: 221206 | C13: Empanada Mama (closed) | D13: Mexican | E13: 8.1 | F13: Weekend | G13: 5 | H13: 23 | I13: 22
A14: 1476966 | B14: 129969 | C14: Blue Ribbon Fried Chicken | D14: American | E14: 24.3 | F14: Weekend | G14: 5 | H14: 23 | I14: 17
A15: 1477449 | B15: 104548 | C15: Pylos | D15: Mediterranean | E15: 11.3 | F15: Weekend | G15: 3 | H15: 24 | I15: 23
A16: 1478198 | B16: 62667 | C16: Lucky's Famous Burgers | D16: American | E16: 12.13 | F16: Weekday | G16: N/A | H16: 23 | I16: 30
A17: 1477414 | B17: 66222 | C17: Shake Shack | D17: American | E17: 16.2 | F17: Weekend | G17: 5 | H17: 33 | I17: 25
A18: 1477486 | B18: 104555 | C18: Sushi of Gari | D18: Japanese | E18: 16.98 | F18: Weekend | G18: N/A | H18: 30 | I18: 16
A19: 1477373 | B19: 139885 | C19: Blue Ribbon Sushi Izakaya | D19: Japanese | E19: 33.03 | F19: Weekend | G19: N/A | H19: 21 | I19: 22
A20: 1477138 | B20: 47280 | C20: RedFarm Hudson | D20: Chinese | E20: 14.12 | F20: Weekend | G20: 4 | H20: 25 | I20: 24
A21: 1477354 | B21: 67487 | C21: Blue Ribbon Sushi | D21: Japanese | E21: 16.2 | F21: Weekend | G21: 4 | H21: 35 | I21: 26
A22: 1478296 | B22: 250494 | C22: Five Guys Burgers and Fries | D22: American | E22: 24.2 | F22: Weekend | G22: 4 | H22: 21 | I22: 24
A23: 1478226 | B23: 137565 | C23: Shake Shack | D23: American | E23: 15.91 | F23: Weekend | G23: N/A | H23: 25 | I23: 20
A24: 1478287 | B24: 150599 | C24: Shake Shack | D24: American | E24: 29.1 | F24: Weekday | G24: 5 | H24: 21 | I24: 30
A25: 1478014 | B25: 54630 | C25: Tortaria | D25: Mexican | E25: 8.92 | F25: Weekend | G25: N/A | H25: 33 | I25: 16
A26: 1476714 | B26: 363783 | C26: Cafe Mogador | D26: Middle Eastern | E26: 15.86 | F26: Weekday | G26: N/A | H26: 32 | I26: 29
A27: 1476693 | B27: 41877 | C27: Cafe Mogador | D27: Middle Eastern | E27: 29.1 | F27: Weekday | G27: 5 | H27: 20 | I27: 29
A28: 1476995 | B28: 371590 | C28: The Meatball Shop | D28: Italian | E28: 21.88 | F28: Weekday | G28: 5 | H28: 24 | I28: 27
A29: 1476844 | B29: 175290 | C29: Otto Enoteca Pizzeria | D29: Italian | E29: 14.02 | F29: Weekend | G29: N/A | H29: 24 | I29: 16
A30: 1477015 | B30: 76686 | C30: Vezzo Thin Crust Pizza | D30: Italian | E30: 9.17 | F30: Weekend | G30: N/A | H30: 21 | I30: 24
A31: 1476889 | B31: 149984 | C31: Sushi of Gari 46 | D31: Japanese | E31: 12.18 | F31: Weekday | G31: N/A | H31: 20 | I31: 29
A32: 1478289 | B32: 318874 | C32: The Kati Roll Company | D32: Indian | E32: 31.33 | F32: Weekend | G32: 5 | H32: 28 | I32: 25
A33: 1477699 | B33: 302790 | C33: Klong | D33: Thai | E33: 29.05 | F33: Weekend | G33: 5 | H33: 35 | I33: 24
A34: 1476855 | B34: 317794 | C34: 5 Napkin Burger | D34: American | E34: 8.39 | F34: Weekday | G34: N/A | H34: 35 | I34: 24
A35: 1477748 | B35: 105349 | C35: TAO | D35: Japanese | E35: 9.12 | F35: Weekend | G35: N/A | H35: 34 | I35: 18
A36: 1478244 | B36: 181782 | C36: Parm | D36: Italian | E36: 29.1 | F36: Weekend | G36: 5 | H36: 30 | I36: 26
A37: 1478310 | B37: 65224 | C37: Sushi Samba | D37: Japanese | E37: 15.47 | F37: Weekend | G37: N/A | H37: 32 | I37: 26
A38: 1478017 | B38: 148649 | C38: Blue Ribbon Sushi | D38: Japanese | E38: 16.01 | F38: Weekday | G38: 4 | H38: 23 | I38: 31
A39: 1476871 | B39: 118709 | C39: The Meatball Shop | D39: Italian | E39: 24.3 | F39: Weekday | G39: 4 | H39: 31 | I39: 29
A40: 1477999 | B40: 208020 | C40: Haru Gramercy Park | D40: Japanese | E40: 29.83 | F40: Weekday | G40: 5 | H40: 20 | I40: 32
A41: 1476891 | B41: 220693 | C41: Shake Shack | D41: American | E41: 19.89 | F41: Weekend | G41: N/A | H41: 27 | I41: 19
A42: 1477425 | B42: 378482 | C42: Chipotle Mexican Grill $1.99 Delivery | D42: Mexican | E42: 19.35 | F42: Weekend | G42: 4 | H42: 21 | I42: 18
A43: 1478143 | B43: 337525 | C43: TAO | D43: Japanese | E43: 33.22 | F43: Weekend | G43: N/A | H43: 23 | I43: 19
A44: 1477267 | B44: 133637 | C44: RedFarm Broadway | D44: Chinese | E44: 24.25 | F44: Weekend | G44: 5 | H44: 22 | I44: 15
A45: 1477728 | B45: 107909 | C45: Cafeteria | D45: American | E45: 16.44 | F45: Weekend | G45: N/A | H45: 33 | I45: 22
A46: 1476908 | B46: 365237 | C46: Five Guys Burgers and Fries | D46: American | E46: 22.75 | F46: Weekend | G46: 5 | H46: 30 | I46: 20
A47: 1476581 | B47: 322162 | C47: The Meatball Shop | D47: Italian | E47: 6.74 | F47: Weekend | G47: 5 | H47: 29 | I47: 23
A48: 1476930 | B48: 198802 | C48: DuMont Burger | D48: American | E48: 29.05 | F48: Weekend | G48: 5 | H48: 22 | I48: 30
A49: 1477621 | B49: 122864 | C49: Sarabeth's East | D49: American | E49: 13.78 | F49: Weekend | G49: 4 | H49: 34 | I49: 24
A50: 1478354 | B50: 52037 | C50: Blue Ribbon Fried Chicken | D50: American | E50: 19.89 | F50: Weekday | G50: N/A | H50: 27 | I50: 24
A51: 1477251 | B51: 81110 | C51: Hill Country Fried Chicken | D51: Southern | E51: 16.93 | F51: Weekend | G51: 5 | H51: 33 | I51: 21
A52: 1477656 | B52: 300003 | C52: Bistango | D52: Italian | E52: 21.88 | F52: Weekend | G52: N/A | H52: 21 | I52: 19
A53: 1477883 | B53: 91817 | C53: Blue Ribbon Fried Chicken | D53: American | E53: 29.39 | F53: Weekend | G53: N/A | H53: 27 | I53: 28
A54: 1477205 | B54: 112036 | C54: TAO | D54: Japanese | E54: 20.23 | F54: Weekend | G54: 5 | H54: 22 | I54: 20
A55: 1478107 | B55: 73895 | C55: RedFarm Broadway | D55: Chinese | E55: 29.1 | F55: Weekend | G55: N/A | H55: 22 | I55: 23
A56: 1477760 | B56: 130507 | C56: Jack's Wife Freda | D56: Mediterranean | E56: 22.75 | F56: Weekend | G56: 3 | H56: 35 | I56: 29
A57: 1476562 | B57: 129486 | C57: Mamoun's Falafel | D57: Mediterranean | E57: 14.12 | F57: Weekend | G57: 3 | H57: 31 | I57: 15
A58: 1477692 | B58: 313340 | C58: Sushi of Gari 46 | D58: Japanese | E58: 14.6 | F58: Weekday | G58: 3 | H58: 24 | I58: 24
A59: 1477889 | B59: 177250 | C59: RedFarm Hudson | D59: Chinese | E59: 12.23 | F59: Weekday | G59: 5 | H59: 25 | I59: 33
A60: 1477243 | B60: 176234 | C60: Prosperity Dumpling | D60: Chinese | E60: 14.02 | F60: Weekend | G60: 5 | H60: 20 | I60: 30
A61: 1477560 | B61: 371677 | C61: Blue Ribbon Fried Chicken | D61: American | E61: 6.79 | F61: Weekday | G61: N/A | H61: 33 | I61: 28
A62: 1476896 | B62: 388918 | C62: Blue Ribbon Fried Chicken | D62: American | E62: 24.25 | F62: Weekend | G62: N/A | H62: 28 | I62: 21
A63: 1478327 | B63: 68551 | C63: Blue Ribbon Sushi Bar & Grill | D63: Japanese | E63: 33.03 | F63: Weekend | G63: N/A | H63: 33 | I63: 20
A64: 1476820 | B64: 152786 | C64: Cafe Habana | D64: Mexican | E64: 31.38 | F64: Weekend | G64: 4 | H64: 23 | I64: 27
A65: 1478121 | B65: 62980 | C65: Westville Hudson | D65: American | E65: 8.34 | F65: Weekday | G65: N/A | H65: 22 | I65: 26
A66: 1478077 | B66: 82041 | C66: Shake Shack | D66: American | E66: 33.03 | F66: Weekday | G66: N/A | H66: 22 | I66: 32
A67: 1478359 | B67: 361616 | C67: Blue Ribbon Brooklyn | D67: American | E67: 24.2 | F67: Weekday | G67: 3 | H67: 22 | I67: 32
A68: 1476841 | B68: 398426 | C68: RedFarm Broadway | D68: Chinese | E68: 12.46 | F68: Weekend | G68: 4 | H68: 24 | I68: 20
A69: 1477125 | B69: 130820 | C69: Nobu Next Door | D69: Japanese | E69: 15.86 | F69: Weekend | G69: 5 | H69: 29 | I69: 23
A70: 1477915 | B70: 200074 | C70: Osteria Morini | D70: Italian | E70: 14.55 | F70: Weekend | G70: N/A | H70: 34 | I70: 22
A71: 1477475 | B71: 65009 | C71: Blue Ribbon Fried Chicken | D71: American | E71: 32.93 | F71: Weekend | G71: 5 | H71: 24 | I71: 23
A72: 1477932 | B72: 170221 | C72: Shake Shack | D72: American | E72: 16.98 | F72: Weekend | G72: N/A | H72: 22 | I72: 21
A73: 1476651 | B73: 58092 | C73: Shake Shack | D73: American | E73: 8 | F73: Weekend | G73: 5 | H73: 27 | I73: 23
A74: 1477730 | B74: 50616 | C74: Parm | D74: Italian | E74: 13.05 | F74: Weekend | G74: N/A | H74: 28 | I74: 27
A75: 1477518 | B75: 133202 | C75: Sushi Samba | D75: Japanese | E75: 29.05 | F75: Weekend | G75: 5 | H75: 31 | I75: 16
A76: 1477821 | B76: 277898 | C76: Haandi | D76: Indian | E76: 5.67 | F76: Weekday | G76: 4 | H76: 23 | I76: 31
A77: 1477104 | B77: 77341 | C77: The Meatball Shop | D77: Italian | E77: 16.93 | F77: Weekend | G77: N/A | H77: 30 | I77: 25
A78: 1477921 | B78: 97079 | C78: Benihana | D78: Japanese | E78: 29.29 | F78: Weekend | G78: 5 | H78: 20 | I78: 18
A79: 1477938 | B79: 150002 | C79: The Kati Roll Company | D79: Indian | E79: 16.15 | F79: Weekend | G79: 5 | H79: 20 | I79: 29
A80: 1476943 | B80: 87472 | C80: RedFarm Hudson | D80: Chinese | E80: 22.75 | F80: Weekend | G80: N/A | H80: 31 | I80: 30
A81: 1477581 | B81: 231061 | C81: Han Dynasty | D81: Chinese | E81: 13.34 | F81: Weekend | G81: 4 | H81: 34 | I81: 27
A82: 1477975 | B82: 56722 | C82: Shake Shack | D82: American | E82: 9.75 | F82: Weekend | G82: 5 | H82: 33 | I82: 25
A83: 1477601 | B83: 107909 | C83: Cafeteria | D83: American | E83: 6.69 | F83: Weekday | G83: 4 | H83: 21 | I83: 32
A84: 1477790 | B84: 133617 | C84: Shake Shack | D84: American | E84: 4.75 | F84: Weekday | G84: 4 | H84: 35 | I84: 28
A85: 1477385 | B85: 67538 | C85: Chipotle Mexican Grill $1.99 Delivery | D85: Mexican | E85: 12.56 | F85: Weekend | G85: 5 | H85: 22 | I85: 18
A86: 1478423 | B86: 129969 | C86: The Meatball Shop | D86: Italian | E86: 21.2 | F86: Weekend | G86: N/A | H86: 34 | I86: 16
A87: 1477051 | B87: 57174 | C87: Tortaria | D87: Mexican | E87: 19.31 | F87: Weekend | G87: N/A | H87: 27 | I87: 28
A88: 1476796 | B88: 78939 | C88: Nobu Next Door | D88: Japanese | E88: 16.3 | F88: Weekday | G88: 3 | H88: 20 | I88: 24
A89: 1478031 | B89: 309513 | C89: Otto Enoteca Pizzeria | D89: Italian | E89: 13.05 | F89: Weekday | G89: 5 | H89: 33 | I89: 27
A90: 1477740 | B90: 129798 | C90: TAO | D90: Japanese | E90: 25.27 | F90: Weekday | G90: 4 | H90: 24 | I90: 24
A91: 1478384 | B91: 184085 | C91: Hill Country Fried Chicken | D91: Southern | E91: 14.79 | F91: Weekend | G91: 5 | H91: 35 | I91: 15
A92: 1478183 | B92: 329710 | C92: Shake Shack | D92: American | E92: 5.72 | F92: Weekday | G92: 3 | H92: 31 | I92: 24
A93: 1477569 | B93: 65009 | C93: Chote Nawab | D93: Indian | E93: 16.15 | F93: Weekend | G93: 5 | H93: 24 | I93: 30
A94: 1478211 | B94: 154030 | C94: RedFarm Hudson | D94: Chinese | E94: 33.03 | F94: Weekend | G94: 4 | H94: 26 | I94: 22
A95: 1476635 | B95: 86731 | C95: Mission Cantina | D95: Mexican | E95: 16.2 | F95: Weekend | G95: 5 | H95: 31 | I95: 18
A96: 1477646 | B96: 306119 | C96: Xi'an Famous Foods | D96: Chinese | E96: 9.22 | F96: Weekday | G96: N/A | H96: 31 | I96: 32
A97: 1477027 | B97: 164016 | C97: Blue Ribbon Fried Chicken | D97: American | E97: 16.39 | F97: Weekend | G97: N/A | H97: 27 | I97: 22
A98: 1476921 | B98: 121476 | C98: Blue Ribbon Fried Chicken | D98: American | E98: 12.18 | F98: Weekday | G98: 3 | H98: 29 | I98: 27
A99: 1476689 | B99: 305522 | C99: Shake Shack | D99: American | E99: 24.2 | F99: Weekday | G99: 4 | H99: 29 | I99: 29
A100: 1477767 | B100: 68976 | C100: Sarabeth's East | D100: American | E100: 17.03 | F100: Weekend | G100: 3 | H100: 26 | I100: 30
...

Sheet Analysis
A1: Order ID | B1: Restaurant | C1: Cuisine | D1: Delivery Time | E1: Delivery Category
A2: 1477147 | B2: =VLOOKUP(A2,Cleaned_Data!A:I,3,FALSE) -> Hangawi | C2: =INDEX(Cleaned_Data!D:D,MATCH(A2,Cleaned_Data!A:A,0)) -> Korean | D2: =VLOOKUP(A2,Cleaned_Data!A:I,9,FALSE) -> 20 | E2: =IF(D2<=20,"Fast",IF(D2<=30,"Normal","Slow")) -> Fast
A3: 1477685 | B3: =VLOOKUP(A3,Cleaned_Data!A:I,3,FALSE) -> Blue Ribbon Sushi Izakaya | C3: =INDEX(Cleaned_Data!D:D,MATCH(A3,Cleaned_Data!A:A,0)) -> Japanese | D3: =VLOOKUP(A3,Cleaned_Data!A:I,9,FALSE) -> 23 | E3: =IF(D3<=20,"Fast",IF(D3<=30,"Normal","Slow")) -> Normal
A4: 1477070 | B4: =VLOOKUP(A4,Cleaned_Data!A:I,3,FALSE) -> Cafe Habana | C4: =INDEX(Cleaned_Data!D:D,MATCH(A4,Cleaned_Data!A:A,0)) -> Mexican | D4: =VLOOKUP(A4,Cleaned_Data!A:I,9,FALSE) -> 28 | E4: =IF(D4<=20,"Fast",IF(D4<=30,"Normal","Slow")) -> Normal
A5: 1477334 | B5: =VLOOKUP(A5,Cleaned_Data!A:I,3,FALSE) -> Blue Ribbon Fried Chicken | C5: =INDEX(Cleaned_Data!D:D,MATCH(A5,Cleaned_Data!A:A,0)) -> American | D5: =VLOOKUP(A5,Cleaned_Data!A:I,9,FALSE) -> 15 | E5: =IF(D5<=20,"Fast",IF(D5<=30,"Normal","Slow")) -> Fast
A6: 1478249 | B6: =VLOOKUP(A6,Cleaned_Data!A:I,3,FALSE) -> Dirty Bird to Go | C6: =INDEX(Cleaned_Data!D:D,MATCH(A6,Cleaned_Data!A:A,0)) -> American | D6: =VLOOKUP(A6,Cleaned_Data!A:I,9,FALSE) -> 24 | E6: =IF(D6<=20,"Fast",IF(D6<=30,"Normal","Slow")) -> Normal
A7: 1477224 | B7: =VLOOKUP(A7,Cleaned_Data!A:I,3,FALSE) -> Tamarind TriBeCa | C7: =INDEX(Cleaned_Data!D:D,MATCH(A7,Cleaned_Data!A:A,0)) -> Indian | D7: =VLOOKUP(A7,Cleaned_Data!A:I,9,FALSE) -> 24 | E7: =IF(D7<=20,"Fast",IF(D7<=30,"Normal","Slow")) -> Normal
A8: 1477894 | B8: =VLOOKUP(A8,Cleaned_Data!A:I,3,FALSE) -> The Meatball Shop | C8: =INDEX(Cleaned_Data!D:D,MATCH(A8,Cleaned_Data!A:A,0)) -> Italian | D8: =VLOOKUP(A8,Cleaned_Data!A:I,9,FALSE) -> 21 | E8: =IF(D8<=20,"Fast",IF(D8<=30,"Normal","Slow")) -> Normal
A9: 1477859 | B9: =VLOOKUP(A9,Cleaned_Data!A:I,3,FALSE) -> Barbounia | C9: =INDEX(Cleaned_Data!D:D,MATCH(A9,Cleaned_Data!A:A,0)) -> Mediterranean | D9: =VLOOKUP(A9,Cleaned_Data!A:I,9,FALSE) -> 30 | E9: =IF(D9<=20,"Fast",IF(D9<=30,"Normal","Slow")) -> Normal
A10: 1477174 | B10: =VLOOKUP(A10,Cleaned_Data!A:I,3,FALSE) -> Anjappar Chettinad | C10: =INDEX(Cleaned_Data!D:D,MATCH(A10,Cleaned_Data!A:A,0)) -> Indian | D10: =VLOOKUP(A10,Cleaned_Data!A:I,9,FALSE) -> 26 | E10: =IF(D10<=20,"Fast",IF(D10<=30,"Normal","Slow")) -> Normal
A11: 1477311 | B11: =VLOOKUP(A11,Cleaned_Data!A:I,3,FALSE) -> Bukhara Grill | C11: =INDEX(Cleaned_Data!D:D,MATCH(A11,Cleaned_Data!A:A,0)) -> Indian | D11: =VLOOKUP(A11,Cleaned_Data!A:I,9,FALSE) -> 26 | E11: =IF(D11<=20,"Fast",IF(D11<=30,"Normal","Slow")) -> Normal

Sheet Pivot Tables
J1: Count of order_id | K1: Sum of cost_of_the_order | L1: Average of cost_of_the_order2 | M1: Average of rating | N1: Average of delivery_time
J2: 200 | K2: 3575.66 | L2: 17.8783 | M2: 4.3474576 | N2: 24.19
A3: Row Labels | B3: Count of order_id
A4: American | B4: 60
A5: Chinese | B5: 25
A6: French | B6: 1
A7: Indian | B7: 11
A8: Italian | B8: 33
A9: Japanese | B9: 42
A10: Korean | B10: 1
A11: Mediterranean | B11: 6
A12: Mexican | B12: 10
A13: Middle Eastern | B13: 3
A14: Southern | B14: 3
A15: Spanish | B15: 1
... A17: Grand Total | B17: 200
A20: Row Labels | B20: Count of order_id | D20: Row Labels | E20: Count of order_id | G20: Row Labels | H20: Count of order_id
A21: Blue Ribbon Fried Chicken | B21: 15 | D21: Weekday | E21: 64 | G21: 3 | H21: 19
A22: RedFarm Broadway | B22: 9 | D22: Weekend | E22: 136 | G22: 4 | H22: 39
A23: Shake Shack | B23: 22 | D23: Grand Total | E23: 200 | G23: 5 | H23: 60
A24: TAO | B24: 8 | G24: N/A | H24: 82
A25: The Meatball Shop | B25: 15 | G25: Grand Total | H25: 200
A26: Grand Total | B26: 69
